{
    "Final Stimulation Score": 75.12000274658203,
    "Cuts Per Minute": 21.11,
    "Audio Energy": 0.08229999989271164,
    "low_freq_energy": 0.5570999979972839,
    "mid_freq_energy": 0.41990000009536743,
    "high_freq_energy": 0.023000000044703484
}